City_ID,City,Lat,Lng,Max Temp,Humidity,Cloudiness,Wind Speed,Country,Date
0,bilibino,68.0546,166.4372,-32.39,98,100,0.28,RU,1702947365
1,port elizabeth,-33.918,25.5701,17.28,92,0,2.06,ZA,1702947365
2,talnakh,69.4865,88.3972,-12.66,74,100,9.87,RU,1702947365
3,margaret river,-33.95,115.0667,20.27,42,0,4.89,AU,1702947366
4,hermanus,-34.4187,19.2345,13.78,77,0,4.39,ZA,1702947366
5,stanley,54.868,-1.6985,8.77,84,100,3.97,GB,1702947082
6,mount gambier,-37.8333,140.7667,17.37,44,4,5.17,AU,1702947366
7,puerto natales,-51.7236,-72.4875,9.21,77,97,2.34,CL,1702947366
8,west island,-12.1568,96.8225,27.99,69,27,2.57,CC,1702947366
9,winsford,53.1833,-2.5167,11.4,96,100,2.2,GB,1702947366
10,enewetak,11.3474,162.3373,27.28,77,62,8.72,MH,1702947366
11,saipan,15.1355,145.701,29.39,84,75,7.72,MP,1702947366
12,avarua,-21.2078,-159.775,27.03,78,75,5.66,CK,1702947366
13,akureyri,65.6835,-18.0878,-4.04,93,20,0.0,IS,1702947366
14,waitangi,-43.9535,-176.5597,16.57,74,20,1.34,NZ,1702947367
15,college,64.8569,-147.8028,-13.03,72,100,0.0,US,1702947367
16,newman,37.3138,-121.0208,18.19,92,100,0.45,US,1702947367
17,bredasdorp,-34.5322,20.0403,14.46,74,0,1.68,ZA,1702947367
18,susuman,62.7833,148.1667,-34.36,100,97,0.55,RU,1702947367
19,port-aux-francais,-49.35,70.2167,7.88,92,97,16.3,TF,1702947367
20,lebu,-37.6167,-73.65,11.95,81,1,8.17,CL,1702947367
21,invercargill,-46.4,168.35,20.54,37,100,1.72,NZ,1702947367
22,ushuaia,-54.8,-68.3,11.81,71,0,9.77,AR,1702947367
23,lihue,21.9789,-159.3672,26.58,71,75,9.26,US,1702947367
24,fairwood,47.4484,-122.1573,8.17,93,100,0.89,US,1702947367
25,taltal,-25.4,-70.4833,18.51,79,8,1.71,CL,1702947367
26,hami,42.8,93.45,-13.9,56,0,1.66,CN,1702947367
27,afaahiti,-17.75,-149.2833,28.93,85,100,4.56,PF,1702947368
28,kununurra,-15.7667,128.7333,33.99,66,98,2.57,AU,1702947368
29,vorgashor,67.5833,63.95,-15.06,88,100,5.09,RU,1702947368
30,grytviken,-54.2811,-36.5092,1.66,83,17,1.56,GS,1702947368
31,punta arenas,-53.15,-70.9167,13.06,62,0,9.26,CL,1702947368
32,el calafate,-50.3408,-72.2768,13.52,71,96,4.95,AR,1702947368
33,island harbour,50.724,-1.2758,12.74,90,98,5.81,GB,1702947368
34,ryotsu-minato,38.0833,138.4333,3.92,82,100,3.26,JP,1702947368
35,ketchikan,55.3422,-131.6461,4.26,87,100,3.09,US,1702947368
36,santiago de cao,-7.9589,-79.2392,21.07,88,40,4.63,PE,1702947368
37,anadyr,64.75,177.4833,-18.72,77,0,5.81,RU,1702947369
38,whitehorse,60.7161,-135.0538,-11.22,87,20,1.03,CA,1702947285
39,thompson,55.7435,-97.8558,-8.91,86,20,3.6,CA,1702947369
40,edinburgh of the seven seas,-37.0676,-12.3116,14.85,78,70,8.88,SH,1702947369
41,puerto ayora,-0.7393,-90.3518,24.75,94,56,1.34,EC,1702947369
42,bafoulabe,13.8065,-10.8321,20.19,17,30,3.16,ML,1702947369
43,lerwick,60.1545,-1.1494,7.0,68,19,11.54,GB,1702947369
44,ilulissat,69.2167,-51.1,-8.99,57,100,9.26,GL,1702947369
45,mount pearl,47.5166,-52.7813,6.03,92,75,10.29,CA,1702947369
46,santa ana,33.7456,-117.8678,23.29,47,75,2.06,US,1702947246
47,blackmans bay,-43.0167,147.3167,16.96,56,93,5.04,AU,1702947369
48,aykhal,66.0,111.5,-22.92,89,91,1.55,RU,1702947369
49,sao jose da coroa grande,-8.8978,-35.1478,25.46,85,94,3.44,BR,1702947140
50,barra de santo antonio,-9.4047,-35.5072,24.6,82,99,3.92,BR,1702947370
51,hithadhoo,-0.6,73.0833,27.97,76,46,3.14,MV,1702947370
52,upata,8.0086,-62.3989,27.33,68,30,1.89,VE,1702947370
53,calama,-22.4667,-68.9333,20.27,26,0,9.26,CL,1702947248
54,adamstown,-25.066,-130.1015,22.82,79,100,7.0,PN,1702947370
55,wanning,18.8003,110.3967,23.64,86,58,4.47,CN,1702947370
56,touros,-5.1989,-35.4608,26.65,79,100,4.44,BR,1702947370
57,sungai penuh,-2.0833,101.3833,18.9,97,100,0.65,ID,1702947370
58,kruisfontein,-34.0033,24.7314,16.05,92,13,0.45,ZA,1702947370
59,nizhnyaya poyma,56.1622,97.1933,-32.8,100,14,1.27,RU,1702947370
60,albany,42.6001,-73.9662,7.23,82,100,4.18,US,1702947103
61,qamdo,31.1667,97.2333,-9.19,62,8,1.1,CN,1702947370
62,menongue,-14.6585,17.691,18.36,97,100,2.76,AO,1702947370
63,berezovyy,51.6667,135.7,-20.12,93,99,1.05,RU,1702947370
64,tiksi,71.6872,128.8694,-19.34,91,100,6.31,RU,1702947370
65,isafjordur,66.0755,-23.124,-0.36,73,100,6.81,IS,1702947371
66,n'dalatando,-9.2978,14.9116,20.06,98,100,0.41,AO,1702947371
67,qaqortoq,60.7167,-46.0333,-5.01,88,100,4.1,GL,1702947371
68,east london,-33.0153,27.9116,18.64,83,8,3.96,ZA,1702947371
69,happy valley-goose bay,53.3168,-60.3315,8.17,76,100,7.2,CA,1702947371
70,pisco,-13.7,-76.2167,21.03,88,0,8.23,PE,1702947371
71,sitka,57.0531,-135.33,1.94,75,0,0.0,US,1702947371
72,ust'-ilimsk,58.0006,102.6619,-36.42,100,22,1.26,RU,1702947371
73,jakar,27.5492,90.7525,0.24,70,12,1.76,BT,1702947371
74,guerrero negro,27.9769,-114.0611,20.66,50,80,4.66,MX,1702947371
75,wamba,8.9333,8.6,23.57,25,12,1.77,NG,1702947371
76,constantia,44.1833,28.65,3.38,76,5,4.15,RO,1702947246
77,port mathurin,-19.6833,63.4167,26.05,83,20,2.57,MU,1702947371
78,hawaiian paradise park,19.5933,-154.9731,21.61,94,100,1.54,US,1702947371
79,tindouf,27.6711,-8.1474,9.25,43,0,1.03,DZ,1702947372
80,mahibadhoo,3.7833,72.9667,28.18,73,24,0.46,MV,1702947372
81,quebo,11.3333,-14.9333,22.78,39,100,1.79,GW,1702947372
82,alofi,-19.0595,-169.9187,28.94,74,75,9.26,NU,1702947372
83,petropavlovsk-kamchatsky,53.0452,158.6483,-2.67,83,75,7.0,RU,1702947372
84,guroymak,38.5774,42.0281,-1.19,66,97,2.09,TR,1702947372
85,arawa,-6.2132,155.5367,30.31,72,100,1.0,PG,1702947372
86,ghat,24.9647,10.1728,8.73,66,0,4.3,LY,1702947372
87,itambacuri,-18.0311,-41.685,22.59,80,18,2.63,BR,1702947372
88,port augusta,-32.5,137.7667,21.94,42,35,11.49,AU,1702947372
89,vadso,70.0744,29.7487,-0.91,80,20,11.83,NO,1702947373
90,nguigmi,14.2495,13.1092,21.01,34,2,5.1,NE,1702947373
91,purna,19.1833,77.05,15.91,41,100,2.88,IN,1702947373
92,badger,64.8,-147.5333,-13.07,72,100,0.0,US,1702947373
93,sabha,27.0377,14.4283,11.37,57,0,5.77,LY,1702947373
94,jelgava,56.65,23.7128,7.02,97,100,5.95,LV,1702947373
95,priozersk,61.0393,30.1291,0.05,95,100,5.15,RU,1702947373
96,adam,22.3756,57.5233,14.93,69,0,1.52,OM,1702947373
97,dobryanka,58.4619,56.4165,-7.22,95,100,3.25,RU,1702947373
98,prince george,53.9166,-122.753,0.14,97,100,3.6,CA,1702947310
99,mazagao,-0.115,-51.2894,29.03,78,28,2.27,BR,1702947374
100,hamilton,39.1834,-84.5333,-0.43,72,100,8.05,US,1702946821
101,san antonio de pale,-1.4014,5.6325,27.15,79,100,3.32,GQ,1702947374
102,usinsk,65.9939,57.5281,-11.07,93,100,8.49,RU,1702947374
103,ilinge,-31.9768,27.0427,12.07,90,100,1.57,ZA,1702947374
104,machico,32.7,-16.7667,19.35,75,40,4.12,PT,1702947374
105,puerto armuelles,8.2833,-82.8667,27.87,78,100,0.45,PA,1702947374
106,chernyshevskiy,63.0128,112.4714,-38.77,100,76,1.09,RU,1702947374
107,pacific grove,36.6177,-121.9166,17.82,88,100,7.15,US,1702947104
108,taro,-8.3862,115.28,25.0,58,67,1.7,ID,1702947374
109,wangjing,24.6,94.0333,9.99,87,11,0.54,IN,1702947374
110,yellowknife,62.456,-114.3525,-20.71,77,75,5.66,CA,1702947375
111,keflavik,64.0049,-22.5624,2.24,75,75,7.2,IS,1702947375
112,mansa,29.9833,75.3833,10.03,40,0,2.82,IN,1702947375
113,ancud,-41.8697,-73.8203,11.58,65,0,3.35,CL,1702947375
114,naze,28.3667,129.4833,20.51,70,80,7.53,JP,1702947375
115,tolanaro,-25.0319,46.9987,24.04,83,75,0.0,MG,1702947375
116,port saint john's,-31.6229,29.5448,20.62,88,100,4.1,ZA,1702947375
117,kodiak,57.79,-152.4072,-2.27,74,100,1.54,US,1702947375
118,jamestown,42.097,-79.2353,2.77,100,100,8.23,US,1702947336
119,hirara,24.8,125.2833,24.92,78,75,6.17,JP,1702947375
120,uren',57.4552,45.7852,-3.64,95,76,3.12,RU,1702947375
121,sattenapalle,16.4,80.1833,18.37,83,60,1.42,IN,1702947375
122,fortuna,40.5982,-124.1573,17.19,95,100,8.75,US,1702947375
123,iqaluit,63.7506,-68.5145,-17.15,66,100,2.57,CA,1702947376
124,bharatpur,27.2167,77.4833,10.62,41,4,3.39,IN,1702947376
125,nafada,11.0956,11.3327,21.41,29,15,2.37,NG,1702947376
126,ribeira grande,38.5167,-28.7,13.76,90,100,8.05,PT,1702947376
127,utrik,11.2278,169.8474,26.83,77,28,10.23,MH,1702947376
128,turaif,31.6725,38.6637,5.14,48,0,4.12,SA,1702947376
129,chertkovo,49.3847,40.1547,0.93,100,100,3.9,RU,1702947376
130,shenjiamen,29.9576,122.298,8.95,92,100,9.17,CN,1702947376
131,eureka,40.8021,-124.1637,17.34,86,100,5.06,US,1702947300
132,broken hill,-31.95,141.4333,25.85,37,46,9.71,AU,1702947202
133,san patricio,28.017,-97.5169,18.24,52,96,3.34,US,1702947376
134,bechar,31.6167,-2.2167,7.18,57,20,3.6,DZ,1702947376
135,ratnapura,6.6828,80.3992,24.11,94,99,0.78,LK,1702947376
136,klyuchi,52.2667,79.1667,-12.67,58,100,8.35,RU,1702947376
137,sitia,35.2,26.0986,14.99,71,27,6.82,GR,1702947377
138,hong kong,22.2855,114.1577,18.47,83,80,4.92,HK,1702946786
139,vilyuysk,63.7553,121.6247,-27.46,98,100,2.51,RU,1702947377
140,malango,-2.9627,119.9001,22.19,94,100,0.53,ID,1702947377
141,yeppoon,-23.1333,150.7333,30.88,63,30,5.35,AU,1702947377
142,maintirano,-18.0667,44.0167,28.25,74,100,3.42,MG,1702947377
143,zhezqazghan,47.7833,67.7667,-3.68,93,100,9.0,KZ,1702947377
144,taksimo,56.3444,114.8794,-32.6,90,12,1.23,RU,1702947377
145,hassi messaoud,31.6804,6.0729,7.92,93,75,2.57,DZ,1702947321
146,hammerfest,70.6634,23.6821,0.25,86,75,4.63,NO,1702947377
147,el porvenir,13.7617,-87.3458,21.63,60,5,3.78,HN,1702947378
148,ganjam,19.3833,85.0667,18.5,61,15,2.92,IN,1702947378
149,hanko,59.8333,22.95,4.43,100,100,12.07,FI,1702947378
150,laguna,38.421,-121.4238,17.88,83,100,6.69,US,1702947378
151,debark',13.1561,37.8981,9.76,53,5,0.98,ET,1702947378
152,ust-nera,64.5667,143.2,-36.9,98,98,1.31,RU,1702947378
153,sakaiminato,35.55,133.2333,4.99,93,75,1.54,JP,1702947378
154,arraial do cabo,-22.9661,-42.0278,22.98,88,20,2.06,BR,1702947379
155,sanctuary point,-35.1114,150.629,28.32,59,100,3.81,AU,1702947379
156,longyearbyen,78.2186,15.6401,-4.09,68,40,4.12,SJ,1702947379
157,port blair,11.6667,92.75,28.02,78,40,3.6,IN,1702947379
158,kukawa,12.9234,13.5606,21.29,55,1,4.17,NG,1702947379
159,buka,40.8108,69.1986,3.71,79,100,2.34,UZ,1702947379
160,nova sintra,14.8667,-24.7167,21.45,68,12,5.12,CV,1702947379
161,tura,25.5198,90.2201,14.04,89,3,1.56,IN,1702947379
162,chui,-33.6971,-53.4616,18.26,78,100,8.1,UY,1702947379
163,novyy turtkul',41.55,61.0167,-4.05,73,6,2.74,UZ,1702947379
164,georgetown,5.4112,100.3354,27.75,89,20,1.54,MY,1702947352
165,dickinson,29.4608,-95.0513,18.06,58,0,3.6,US,1702947361
166,st. john's,47.5649,-52.7093,6.49,92,75,10.29,CA,1702947168
167,sinabang,2.4803,96.3801,27.2,81,98,1.92,ID,1702947380
168,peniche,39.3558,-9.3811,5.62,93,0,3.17,PT,1702947380
169,claveria,18.6074,121.0832,25.81,89,94,5.99,PH,1702947380
170,izki,22.9333,57.7667,14.77,58,0,0.9,OM,1702947380
171,dakhla,23.6848,-15.958,16.46,39,1,7.98,EH,1702947380
172,hofors,60.5457,16.2867,4.1,98,100,6.49,SE,1702947380
173,brookings,44.3114,-96.7984,-3.79,65,0,4.12,US,1702946820
174,murzuq,25.9155,13.9184,10.9,53,0,4.49,LY,1702947380
175,iskateley,67.6803,53.1512,-11.66,93,99,6.71,RU,1702947380
176,atafu village,-8.5421,-172.5159,29.39,74,99,2.9,TK,1702947380
177,ta`u,-14.2336,-169.5144,27.97,81,96,3.86,AS,1702947380
178,ozark,37.0209,-93.206,1.52,55,0,2.87,US,1702947380
179,nantucket,41.2835,-70.0995,10.06,87,100,14.92,US,1702947312
180,longonjo,-12.9067,15.2533,16.9,95,100,0.9,AO,1702947381
181,port alfred,-33.5906,26.891,17.88,98,97,0.45,ZA,1702947381
182,huanggang,23.677,116.9996,14.94,70,5,3.76,CN,1702947381
183,quelimane,-17.8786,36.8883,27.97,88,0,1.54,MZ,1702947381
184,kapuskasing,49.4169,-82.4331,-11.0,85,100,9.26,CA,1702947381
185,crane,31.3974,-102.3501,12.62,44,100,4.04,US,1702947381
186,bethel,41.3712,-73.414,8.17,71,20,3.09,US,1702947381
187,villa gesell,-37.2639,-56.973,14.11,65,96,10.67,AR,1702947381
188,olonkinbyen,70.9221,-8.7187,-3.46,72,100,4.32,SJ,1702947381
189,tazovsky,67.4667,78.7,-14.77,89,100,8.9,RU,1702947381
190,ceeldheer,3.8488,47.1806,25.3,80,56,7.91,SO,1702947381
191,yudong,29.385,106.5194,6.94,89,72,0.21,CN,1702947382
192,polyarnyy,69.1989,33.4478,-8.84,86,6,5.86,RU,1702947382
193,deridder,30.8463,-93.289,13.21,71,0,1.54,US,1702947354
194,cidreira,-30.1811,-50.2056,23.15,90,100,6.03,BR,1702947382
195,cape canaveral,28.4058,-80.6048,17.21,66,0,4.63,US,1702947382
196,holualoa,19.6228,-155.9522,22.91,86,75,2.06,US,1702947382
197,chela,34.069,104.4619,-5.95,72,64,0.37,CN,1702947382
198,kone,-21.0595,164.8658,28.0,65,90,1.62,NC,1702947382
199,udachny,66.4167,112.4,-28.86,97,85,1.48,RU,1702947382
200,antofagasta,-23.65,-70.4,18.6,80,54,2.16,CL,1702947115
201,charles city,43.0664,-92.6724,-8.34,68,0,0.45,US,1702947382
202,tyre,33.2733,35.1939,14.0,66,0,3.43,LB,1702947382
203,ovalle,-30.5983,-71.2003,21.11,48,0,2.08,CL,1702947382
204,midvagur,62.0511,-7.1939,4.46,81,75,5.14,FO,1702947382
205,arkhangel'sk,64.5401,40.5433,-1.94,93,100,4.0,RU,1702947382
206,port lincoln,-34.7333,135.8667,16.51,58,0,8.78,AU,1702947383
207,mathba,22.2855,89.9629,15.1,74,9,2.58,BD,1702947383
208,macapa,0.0389,-51.0664,28.99,74,0,3.6,BR,1702947383
209,tsengel,49.4783,100.8894,-28.4,86,19,2.12,MN,1702947383
210,hafnarfjordur,64.0671,-21.9377,2.21,93,75,2.57,IS,1702947383
211,chiredzi,-21.05,31.6667,23.65,88,100,2.27,ZW,1702947383
212,xilin hot,43.9667,116.0333,-26.49,96,100,2.08,CN,1702947383
213,dryden,49.7833,-92.7503,-12.84,66,20,4.12,CA,1702947383
214,yerofey pavlovich,53.9667,121.9667,-27.42,88,95,1.47,RU,1702947383
215,flying fish cove,-10.4217,105.6791,27.82,69,40,2.57,CX,1702947383
216,kidal,18.4411,1.4078,14.06,22,100,7.97,ML,1702947383
217,suhbaatar,50.2314,106.2078,-32.3,96,100,1.53,MN,1702947383
218,palikir - national government center,6.9248,158.1611,28.47,78,100,7.72,FM,1702947383
219,tazacorte,28.629,-17.9293,18.54,73,75,5.81,ES,1702947384
220,dalai,45.5,124.3,-19.63,81,99,2.46,CN,1702947384
221,mili,6.0815,171.735,26.86,85,99,8.3,MH,1702947384
222,almeirim,-1.5233,-52.5817,27.16,69,82,1.28,BR,1702947384
223,wailua homesteads,22.0669,-159.378,26.24,77,75,9.26,US,1702947384
224,nemuro,43.3236,145.575,-4.16,62,29,9.56,JP,1702947384
225,naracoorte,-36.9579,140.7383,20.56,32,0,6.7,AU,1702947384
226,wagoner,35.9595,-95.3694,4.6,43,16,2.39,US,1702947384
227,funafuti,-8.5243,179.1942,28.8,69,98,0.93,TV,1702947384
228,ironwood,46.4547,-90.171,-8.55,79,100,4.12,US,1702947384
229,papatowai,-46.5619,169.4708,19.11,49,100,2.98,NZ,1702947384
230,sarmiento,-45.5882,-69.07,16.6,38,0,2.64,AR,1702947384
231,sucua,-2.4667,-78.1667,21.67,98,79,0.9,EC,1702947385
232,lompoc,34.6391,-120.4579,17.23,83,100,4.12,US,1702947385
233,marshalltown,42.0494,-92.908,-4.87,65,0,3.09,US,1702947385
234,lucea,18.451,-78.1736,26.03,69,0,7.22,JM,1702947385
235,san jose del guaviare,2.5729,-72.6459,23.82,95,99,0.63,CO,1702947385
236,ranau,5.9538,116.6641,25.72,81,94,0.61,MY,1702947385
237,kiruna,67.8557,20.2251,-5.49,86,75,5.14,SE,1702947385
238,codrington,-38.2667,141.9667,16.52,49,25,6.83,AU,1702947385
239,chu,43.5983,73.7614,-0.46,85,100,2.06,KZ,1702947385
240,namibe,-15.1961,12.1522,22.89,80,92,2.16,AO,1702947385
241,khark,29.2614,50.3306,19.83,58,100,1.53,IR,1702947385
242,plesetsk,62.708,40.2916,-5.81,96,100,3.75,RU,1702947386
243,el granada,37.5027,-122.4694,16.94,95,100,8.23,US,1702947386
244,new norfolk,-42.7826,147.0587,17.62,48,70,2.92,AU,1702947386
245,puerto aysen,-45.4,-72.7,7.94,98,7,0.42,CL,1702947386
246,laminusa,5.5549,120.9136,27.9,81,93,5.72,PH,1702947386
247,cabo san lucas,22.8909,-109.9124,25.98,72,79,3.12,MX,1702947344
248,zhanga buqtyrma,49.6295,83.5248,-24.35,91,100,1.36,KZ,1702947386
249,labasa,-16.4167,179.3833,29.56,75,72,4.9,FJ,1702947386
250,butembo,0.15,29.2833,15.1,94,97,1.42,CD,1702947386
251,isiro,2.7739,27.616,21.89,73,100,0.28,CD,1702947386
252,shimoda,34.6667,138.95,9.2,60,61,0.07,JP,1702947386
253,uturoa,-16.7333,-151.4333,26.86,77,100,4.51,PF,1702947386
254,plettenberg bay,-34.0527,23.3716,16.59,83,57,0.26,ZA,1702947386
255,yankton,42.8711,-97.3973,-2.71,59,0,2.06,US,1702947386
256,kadisehri,39.9957,35.7919,-0.09,57,17,0.8,TR,1702947387
257,prince rupert,54.3161,-130.3201,5.83,94,100,4.12,CA,1702947387
258,yuanping,38.7153,112.7575,-17.61,84,2,2.12,CN,1702947387
259,smithers,54.7804,-127.1743,-3.82,93,100,1.03,CA,1702947387
260,kavaratti,10.5669,72.642,25.6,88,100,4.96,IN,1702947387
261,cockburn town,21.4612,-71.1419,25.78,76,100,1.34,TC,1702947387
262,san,13.3034,-4.8956,19.35,18,100,5.65,ML,1702946921
263,vila velha,-20.3297,-40.2925,24.97,88,40,0.0,BR,1702947387
264,natal,-5.795,-35.2094,27.12,83,75,3.09,BR,1702947387
265,barcelos,41.5388,-8.6151,4.91,80,0,1.5,PT,1702947387
266,mossel bay,-34.1831,22.146,15.96,69,40,1.77,ZA,1702947387
267,kulhudhuffushi,6.6221,73.07,27.69,78,33,3.37,MV,1702947387
268,remire-montjoly,4.9167,-52.2667,26.02,94,75,0.51,GF,1702947387
269,seneca falls,42.9106,-76.7966,5.12,78,79,1.34,US,1702947387
270,alaghsas,17.0187,8.0168,17.59,24,4,3.03,NE,1702947388
271,fenoarivo be,-18.4333,46.5667,20.82,89,100,1.46,MG,1702947388
272,tofol,5.3248,163.0078,30.88,66,75,7.2,FM,1702947388
273,yuzhno-kurilsk,44.0306,145.8556,-2.57,76,100,7.86,RU,1702947388
274,vilyuchinsk,52.9306,158.4028,-1.85,74,54,3.46,RU,1702947388
275,ingeniero guillermo n. juarez,-23.9,-61.85,26.19,81,100,5.27,AR,1702947388
276,ron,15.6667,75.7333,17.91,91,81,3.81,IN,1702947388
277,kaifeng,34.7911,114.3483,-7.13,92,34,2.32,CN,1702947388
278,gadzhiyevo,69.2551,33.3362,-9.06,85,5,6.04,RU,1702947388
279,kudahuvadhoo,2.6708,72.8944,28.07,74,20,1.44,MV,1702947388
280,monte patria,-30.6919,-70.9467,22.2,40,0,1.81,CL,1702947388
281,benguela,-12.5763,13.4055,25.96,88,100,2.09,AO,1702947388
282,nadi,-17.8,177.4167,30.0,74,40,5.66,FJ,1702947389
283,belokurikha,51.9959,84.9896,-15.77,68,46,3.15,RU,1702947389
284,crucecita,-28.95,-58.9833,23.49,88,100,4.92,AR,1702947389
285,coxim,-18.5067,-54.76,29.81,40,5,1.46,BR,1702947389
286,omutninsk,58.67,52.1932,-4.56,95,100,3.06,RU,1702947389
287,enterprise,36.0252,-115.2419,16.61,25,75,3.09,US,1702947389
288,ocean city,39.2776,-74.5746,7.22,67,1,4.92,US,1702947303
289,northam,51.0333,-4.2167,14.81,98,100,8.92,GB,1702947389
290,puerto baquerizo moreno,-0.9,-89.6,24.17,88,62,4.53,EC,1702947389
291,zhuanghe,39.7008,122.9911,-7.08,92,100,3.65,CN,1702947389
292,bor,56.3567,44.0669,0.0,93,100,3.83,RU,1702947389
293,siwa oasis,29.2041,25.5195,13.27,71,6,3.72,EG,1702947389
294,brezina,33.0989,1.2608,5.05,82,53,6.44,DZ,1702947389
295,mahanoro,-19.9,48.8,24.86,86,26,2.51,MG,1702947389
296,farasan,16.7022,42.1183,26.73,66,0,8.13,SA,1702947390
297,port douglas,-16.4833,145.4667,26.4,79,84,3.48,AU,1702947340
298,colonia,50.9333,6.95,5.36,79,100,3.09,DE,1702947390
299,hadibu,12.65,54.0333,24.46,79,61,6.29,YE,1702947390
300,miguel ahumada,30.6167,-106.5167,14.69,18,100,4.52,MX,1702947390
301,strzelno,52.6279,18.1725,7.7,100,100,7.08,PL,1702947233
302,lashkar gah,31.5938,64.3716,9.46,40,3,3.55,AF,1702947390
303,kenai,60.5544,-151.2583,-3.25,100,100,2.57,US,1702947390
304,bamboo flat,11.7,92.7167,28.05,78,40,3.6,IN,1702947390
305,baikonur,45.6167,63.3167,-5.39,83,26,3.8,KZ,1702947390
306,priob'ye,62.5206,65.5964,-12.97,93,100,6.8,RU,1702947390
307,karratha,-20.7377,116.8463,27.78,48,2,4.89,AU,1702947390
308,kingston,17.997,-76.7936,26.53,69,40,9.77,JM,1702946698
309,mar del plata,-38.0023,-57.5575,13.3,66,75,8.23,AR,1702947390
310,hauterive,46.0901,3.4459,-0.58,72,3,0.72,FR,1702947390
311,soio,-6.1349,12.3689,26.43,87,100,1.25,AO,1702947391
312,kirensk,57.7853,108.1119,-41.18,100,58,0.93,RU,1702947391
313,kayangel,8.0823,134.7173,28.48,74,19,7.64,PW,1702947391
314,carolina beach,34.0352,-77.8936,13.34,79,0,5.1,US,1702947391
315,tralee,52.2704,-9.7026,9.47,93,100,2.49,IE,1702947391
316,queenstown,-31.8976,26.8753,13.18,86,100,1.86,ZA,1702947391
317,la passe,45.5549,-0.8967,3.13,84,14,0.51,FR,1702947391
318,sour el ghozlane,36.1477,3.6912,6.94,95,100,3.02,DZ,1702947391
319,terrace,54.5163,-128.6035,0.95,74,100,12.35,CA,1702947391
320,bouar,5.934,15.596,21.41,29,100,2.19,CF,1702947391
321,severo-yeniseyskiy,60.3725,93.0408,-32.46,100,97,1.34,RU,1702947391
322,radhanpur,23.8333,71.6,16.61,46,69,3.67,IN,1702947391
323,saldanha,-33.0117,17.9442,15.03,80,5,8.1,ZA,1702947391
324,aleshtar,33.8633,48.2619,-1.98,56,100,1.03,IR,1702947391
325,madaoua,14.073,5.96,19.69,21,100,4.71,NE,1702947392
326,rio grande,-32.035,-52.0986,22.06,91,100,8.97,BR,1702947392
327,murray bridge,-35.1167,139.2667,17.85,49,0,9.66,AU,1702947392
328,callao,-12.0667,-77.15,24.29,78,0,5.14,PE,1702947392
329,merizo village,13.2658,144.6691,30.55,83,17,7.94,GU,1702947392
330,greymouth,-42.4667,171.2,17.2,55,92,3.49,NZ,1702947392
331,neiafu,-18.65,-173.9833,29.38,74,75,5.66,TO,1702947392
332,fale old settlement,-9.3852,-171.2468,28.8,75,100,1.12,TK,1702947392
333,iida,35.5197,137.8207,6.47,50,97,1.29,JP,1702947392
334,champerico,14.3,-91.9167,30.3,77,33,1.98,GT,1702947392
335,kamaishi,39.2667,141.8833,1.88,57,100,1.71,JP,1702947392
336,ha'il,27.5219,41.6907,6.01,56,0,2.06,SA,1702947392
337,kolonia,50.9333,6.95,5.36,79,100,3.09,DE,1702947393
338,saint-denis,48.9167,2.3333,4.34,93,100,4.63,FR,1702947393
339,oranjemund,-28.55,16.4333,15.21,91,8,5.2,NA,1702947393
340,rabaul,-4.1967,152.1721,28.09,76,100,1.13,PG,1702947393
341,papao,-17.75,-149.55,29.82,76,100,2.76,PF,1702947393
342,pointe aux piments,-20.0628,57.5131,26.96,90,97,3.08,MU,1702947393
343,hobyo,5.3505,48.5268,25.52,81,97,9.76,SO,1702947393
344,kismayo,-0.3582,42.5454,27.26,79,69,6.27,SO,1702947393
345,kavalerovo,44.2661,135.0572,-20.34,74,52,7.15,RU,1702947393
346,kapa'a,22.0752,-159.319,26.99,77,75,9.26,US,1702947393
347,tefenni,37.3097,29.7754,2.95,56,0,1.98,TR,1702947393
348,nikolayevsk-on-amure,53.1406,140.73,-23.18,88,21,2.4,RU,1702947393
349,vrangel',42.7297,133.0839,-10.99,39,100,3.53,RU,1702947393
350,san juan,-31.5375,-68.5364,16.9,46,0,8.1,AR,1702947393
351,seabra,-12.4186,-41.7703,20.39,85,100,1.67,BR,1702947136
352,fort st. john,56.2499,-120.8529,-3.06,80,75,2.06,CA,1702947394
353,dudinka,69.4058,86.1778,-12.43,83,100,13.41,RU,1702947394
354,quesnel,52.9999,-122.5029,0.28,100,100,1.03,CA,1702947394
355,golyshmanovo,56.3979,68.3728,-6.86,97,100,2.4,RU,1702947394
356,mbale,1.0821,34.175,19.67,72,24,1.57,UG,1702947394
357,tugulym,57.0591,64.6425,-9.82,97,71,2.42,RU,1702947394
358,riberalta,-10.9833,-66.1,28.4,61,100,1.4,BO,1702947394
359,lethem,3.3803,-59.7968,30.24,53,66,4.32,GY,1702947394
360,vorkuta,67.5,64.0,-14.5,87,100,5.35,RU,1702947394
361,mananara,-16.1667,49.7667,24.77,84,99,0.9,MG,1702947394
362,isla mujeres,21.2311,-86.731,18.98,59,38,6.94,MX,1702947394
363,la plata,-34.9215,-57.9545,14.92,80,100,7.04,AR,1702947394
364,aasiaat,68.7098,-52.8699,-11.96,85,100,12.21,GL,1702947394
365,luderitz,-26.6481,15.1594,17.04,70,55,7.18,NA,1702947394
366,zapolyarnyy,69.4154,30.8136,-6.4,90,20,3.82,RU,1702947395
367,bikenibeu village,1.3673,173.1241,24.98,94,100,3.09,KI,1702947395
368,yeniseysk,58.4497,92.1703,-30.03,97,51,1.79,RU,1702947395
369,kourou,5.1552,-52.6478,26.03,92,22,2.77,GF,1702947395
370,carnot,4.9409,15.8665,24.72,30,100,1.47,CF,1702947395
371,weno,7.4515,151.8468,29.97,79,40,5.66,FM,1702947395
372,salekhard,66.53,66.6019,-13.46,95,100,5.19,RU,1702947395
373,necochea,-38.5473,-58.7368,12.52,63,8,6.49,AR,1702947395
374,aitape,-3.1374,142.3475,27.89,79,100,2.06,PG,1702947395
375,howard springs,-12.497,131.047,33.32,80,70,3.77,AU,1702947395
376,la ronge,55.1001,-105.2842,-2.86,68,20,4.12,CA,1702947395
377,bada,51.392,109.8717,-24.32,95,100,1.74,RU,1702947395
378,oneonta,42.4529,-75.0638,5.72,68,93,5.6,US,1702947395
379,suva,-18.1416,178.4415,28.71,79,75,6.69,FJ,1702947396
380,gaspe,48.8334,-64.4819,12.12,94,100,13.89,CA,1702947396
381,antsiranana,-12.2787,49.2917,26.01,79,88,2.04,MG,1702947396
382,mangrol,21.1167,70.1167,20.6,43,100,6.83,IN,1702947396
383,axim,4.8699,-2.2405,26.38,85,99,1.75,GH,1702947396
384,saint-philippe,-21.3585,55.7679,24.77,79,0,1.76,RE,1702947396
385,chibougamau,49.9168,-74.3659,-0.21,100,100,5.14,CA,1702947396
386,chak two hundred forty-nine thal development authority,31.1796,71.2095,11.85,39,0,1.89,PK,1702947396
387,warrnambool,-38.3833,142.4833,15.02,56,97,6.26,AU,1702947340
388,fortaleza,-3.7227,-38.5247,28.07,78,40,2.57,BR,1702947396
389,bodo,67.28,14.405,4.02,75,75,6.17,NO,1702947396
390,martil,35.6166,-5.2752,14.98,72,20,6.17,MA,1702947396
391,khalkhal,37.6189,48.5258,-3.65,89,55,0.15,IR,1702947396
392,aswan,24.0934,32.907,17.61,45,0,2.57,EG,1702947396
393,hirado,33.3597,129.5531,4.66,82,100,3.42,JP,1702947396
394,siracusa,37.0881,15.2792,13.65,76,9,6.36,IT,1702947251
395,yambio,4.5721,28.3955,25.1,44,91,1.69,SS,1702947397
396,sola,-13.8833,167.55,31.37,74,40,3.09,VU,1702947397
397,misliyah,17.4599,42.5572,23.16,72,5,1.57,SA,1702947397
398,baise city,23.8997,106.6133,10.75,99,100,0.68,CN,1702947397
399,lauro de freitas,-12.8944,-38.3272,27.01,78,20,6.17,BR,1702947315
400,huetamo de nunez,18.5833,-100.8833,27.31,53,6,0.61,MX,1702947397
401,alice springs,-23.7,133.8833,29.75,30,10,6.69,AU,1702947397
402,karlivka,49.4567,35.1295,2.0,99,100,2.68,UA,1702947397
403,castillos,-34.1667,-53.8333,15.74,89,100,6.92,UY,1702947397
404,yanam,16.7333,82.2167,20.4,78,86,2.4,IN,1702947397
405,balykchy,42.4557,76.1861,1.56,95,100,0.47,KG,1702947397
406,nyurba,63.2842,118.3319,-30.57,98,100,2.29,RU,1702947397
407,mount isa,-20.7333,139.5,33.87,40,5,4.12,AU,1702947397
408,qingyang,37.4958,121.2581,-2.67,69,6,4.56,CN,1702947397
409,coquimbo,-29.9533,-71.3436,15.85,82,75,3.09,CL,1702947397
410,culebra,18.303,-65.301,26.21,89,100,4.47,PR,1702947398
411,ust'-kulom,61.6864,53.6902,-6.21,96,100,1.99,RU,1702947398
412,lakatoro,-16.0999,167.4164,29.01,73,37,0.78,VU,1702947398
413,praia da vitoria,38.7333,-27.0667,15.42,100,75,10.79,PT,1702947398
414,viana do castelo,41.6932,-8.8329,8.0,75,0,2.0,PT,1702947398
415,visby,57.6409,18.296,8.12,93,100,9.26,SE,1702947398
416,acapulco de juarez,16.8634,-99.8901,25.96,83,5,2.77,MX,1702947398
417,malmberget,67.1753,20.6549,-15.69,85,100,1.54,SE,1702947398
418,yugorsk,61.3133,63.3319,-11.17,94,100,3.84,RU,1702947398
419,egilsstadir,65.2653,-14.3948,-6.05,86,0,2.57,IS,1702947398
420,formosa do rio preto,-11.0483,-45.1931,20.61,88,68,1.56,BR,1702947398
421,mek'ele,13.4967,39.4753,11.95,79,0,3.04,ET,1702947398
422,flin flon,54.7682,-101.865,-5.09,68,20,3.09,CA,1702947398
423,namtsy,62.7161,129.6658,-46.89,99,79,0.8,RU,1702947398
424,ushtobe,45.2514,77.9838,-6.37,79,100,2.11,KZ,1702947398
425,quellon,-43.1167,-73.6167,9.88,81,0,4.45,CL,1702947398
426,sur,22.5667,59.5289,20.93,54,2,2.85,OM,1702947399
427,beni,0.5,29.4667,19.03,88,95,1.55,CD,1702947399
428,inari,68.906,27.0288,-12.89,95,15,2.48,FI,1702947399
429,nienburg,52.6333,9.2167,7.94,87,100,7.24,DE,1702947399
430,tommot,58.9564,126.2925,-30.24,94,100,3.78,RU,1702947399
431,balikpapan,-1.2675,116.8289,26.55,89,20,2.06,ID,1702947399
432,la'ie,21.6477,-157.9253,22.98,79,100,8.8,US,1702947399
433,micheweni,-4.9667,39.8333,26.5,84,89,3.88,TZ,1702947399
434,bargaal,11.2864,51.0773,24.62,78,93,7.39,SO,1702947399
435,kolkata,22.5697,88.3697,13.97,77,9,2.57,IN,1702947395
436,qarazhal,48.0078,70.7903,-2.25,95,100,9.52,KZ,1702947399
437,gubkinskiy,64.434,76.5026,-13.57,93,100,10.08,RU,1702947399
438,aleysk,52.4926,82.7822,-19.8,87,100,2.24,RU,1702947399
439,portland,45.5234,-122.6762,9.15,74,100,7.2,US,1702946720
440,uacu cungo,-11.3634,15.1208,16.26,98,100,0.85,AO,1702947399
441,tanjung pandan,-2.75,107.65,28.22,76,55,2.1,ID,1702947399
442,perryton,36.4,-100.8027,5.67,75,0,4.63,US,1702947117
443,trairi,-3.2778,-39.2689,26.62,82,100,3.74,BR,1702947110
444,sinop,41.7711,34.8709,4.45,71,100,2.75,TR,1702947399
445,chifeng,42.2683,118.9636,-18.7,70,25,3.22,CN,1702947399
446,shubarshi,48.5872,57.1869,-2.74,97,100,4.62,KZ,1702947400
447,emiliano zapata,18.8333,-99.1833,19.31,41,7,2.15,MX,1702947400
448,reggio calabria,38.3167,16.0833,6.85,62,0,0.55,IT,1702947400
449,urzhar,47.093,81.6294,-10.71,65,94,1.79,KZ,1702947400
450,saint-felix-de-valois,46.1668,-73.4324,5.25,92,100,3.98,CA,1702947400
451,nishinoomote,30.7333,131.0,14.31,94,75,5.66,JP,1702947400
452,idri,27.5,13.2667,10.14,56,0,4.85,LY,1702947400
453,bokovskaya,49.229,41.8306,1.55,98,100,4.74,RU,1702947400
454,inda silase,14.1031,38.2829,14.81,57,5,1.92,ET,1702947400
455,jinxiang,27.4327,120.6062,9.58,84,100,4.16,CN,1702947400
456,maitum,6.0392,124.4986,29.28,73,98,3.57,PH,1702947400
457,coari,-4.085,-63.1414,25.79,87,97,1.1,BR,1702947400
458,lorengau,-2.0226,147.2712,29.2,74,95,2.98,PG,1702947400
459,al jawf,29.5,38.75,10.51,56,0,2.97,SA,1702947400
460,latakia,35.5148,35.7768,12.38,47,0,3.5,SY,1702947400
461,tubarjal,30.4999,38.216,11.16,58,0,3.11,SA,1702947401
462,diebougou,10.9667,-3.25,22.4,13,49,3.77,BF,1702947401
463,aussillon,43.5029,2.3679,5.27,86,0,1.54,FR,1702947401
464,masonboro,34.1793,-77.8475,13.34,81,0,3.09,US,1702947401
465,filadelfia,39.9523,-75.1638,7.87,62,5,2.24,US,1702947101
466,al bayda',32.7627,21.7551,7.72,89,2,1.43,LY,1702947401
467,tbilisi,41.6941,44.8337,3.84,75,100,2.57,GE,1702947297
468,florida,28.7505,-82.5001,14.34,85,0,1.54,US,1702947318
469,rio preto da eva,-2.6994,-59.6997,26.54,81,96,0.23,BR,1702947401
470,chinsali,-10.5414,32.0816,19.92,74,35,0.57,ZM,1702947401
471,qulsary,46.9531,54.0198,1.39,98,100,6.14,KZ,1702947401
472,nagqu,31.5,92.0,-27.65,88,3,1.1,CN,1702947401
473,sampit,-2.5333,112.95,25.45,95,100,0.61,ID,1702947401
474,quepos,9.4236,-84.1652,26.5,80,85,0.99,CR,1702947401
475,puyang,29.4603,119.8861,2.36,99,100,0.99,CN,1702947401
476,woolgoolga,-30.1106,153.2007,26.93,69,100,7.41,AU,1702947401
477,freetown,8.484,-13.2299,20.84,83,56,1.54,SL,1702947401
478,andkhoy,36.9529,65.1238,4.35,76,100,3.47,AF,1702947401
479,nadym,65.5333,72.5167,-15.25,93,100,8.74,RU,1702947402
480,kuloy,61.0305,42.4925,-2.17,92,100,3.42,RU,1702947402
481,moyynkum,44.2914,72.9469,1.09,83,100,3.45,KZ,1702947402
482,nova vicosa,-17.8919,-39.3719,25.19,85,84,4.19,BR,1702947402
483,concepcion,-36.827,-73.0498,15.89,67,0,6.69,CL,1702947114
484,ghanzi,-21.5667,21.7833,24.58,61,100,6.26,BW,1702947402
485,letlhakeng,-24.0944,25.0298,24.23,46,54,1.99,BW,1702947402
486,benito juarez,19.385,-99.165,18.9,13,75,3.09,MX,1702947402
487,biloela,-24.4167,150.5,32.29,36,0,1.51,AU,1702947402
488,basco,20.4487,121.9702,25.75,82,95,10.5,PH,1702947402
489,dyatlovo,53.4631,25.4068,4.42,98,100,5.16,BY,1702947402
490,horsham,51.064,-0.3272,13.09,83,75,5.14,GB,1702947031
491,chengyang,27.0892,119.6453,12.14,89,100,1.01,CN,1702947402
492,sisimiut,66.9395,-53.6735,-10.57,79,100,14.88,GL,1702947402
493,busan,35.1028,129.0403,-1.01,47,0,2.57,KR,1702947402
494,antigonish,45.6169,-61.9986,13.9,90,100,9.39,CA,1702947402
495,port isabel,26.0734,-97.2086,18.34,68,0,1.54,US,1702947402
496,candido mendes,-1.4467,-45.7167,24.52,95,56,1.7,BR,1702947402
497,mejit,10.2753,170.8646,26.94,74,13,10.53,MH,1702947403
498,qarauyl,48.9451,79.255,-13.34,58,100,5.56,KZ,1702947403
499,vila franca do campo,37.7167,-25.4333,18.27,99,100,5.19,PT,1702947403
500,altinho,-8.4897,-36.0594,23.24,84,100,2.06,BR,1702947403
501,smara,26.7384,-11.6719,12.47,30,0,4.34,EH,1702947403
502,brisas de zicatela,15.8369,-97.0419,24.67,85,63,0.53,MX,1702947403
503,cannonvale,-20.2833,148.7,27.66,65,6,5.15,AU,1702947403
504,nuuk,64.1835,-51.7216,-7.29,73,100,4.92,GL,1702947403
505,nabire,-3.3667,135.4833,27.72,85,68,1.94,ID,1702947403
506,juan griego,11.0817,-63.9655,25.44,90,7,3.54,VE,1702947403
507,minas de marcona,-15.2119,-75.1103,17.24,80,62,4.35,PE,1702947403
508,akrehamn,59.2667,5.1833,7.45,76,75,11.32,NO,1702947403
509,presidente medici,-11.1753,-61.9014,28.04,67,100,0.83,BR,1702947403
510,bodaybo,57.8506,114.1933,-41.13,100,89,0.43,RU,1702947403
511,malvan,16.0667,73.4667,25.1,49,100,3.79,IN,1702947170
512,argo,37.6333,22.7333,9.83,47,0,1.96,GR,1702947403
513,san luis de la loma,17.2706,-100.8939,25.42,84,0,2.15,MX,1702947403
514,cururupu,-1.8283,-44.8683,25.29,87,49,1.51,BR,1702947404
515,margate,51.3813,1.3862,12.15,89,100,4.92,GB,1702947404
516,phongsali,21.6833,102.1058,11.5,81,8,0.03,LA,1702947404
517,ust'-uda,54.1742,103.0304,-33.63,100,29,1.04,RU,1702947404
518,harper,4.375,-7.7169,26.0,85,90,2.11,LR,1702947404
519,waraseoni,21.75,80.0333,11.91,53,97,3.2,IN,1702947404
520,kaga bandoro,6.9896,19.1874,24.22,34,100,1.35,CF,1702947404
521,talaja,21.35,72.05,20.89,50,100,5.58,IN,1702947404
522,hotan,37.0997,79.9269,-5.48,50,6,0.95,CN,1702947404
523,caetes,-8.7731,-36.6225,20.82,86,100,3.86,BR,1702947404
524,melekeok village,7.4957,134.6367,28.8,74,15,6.04,PW,1702947404
525,celestun,20.8667,-90.4,21.82,61,12,5.14,MX,1702947404
526,tamanrasset,22.785,5.5228,3.95,33,0,2.57,DZ,1702947404
527,suntar,62.1444,117.6319,-29.5,94,100,3.0,RU,1702947405
528,pfaffikon,47.3645,8.792,3.78,94,100,1.54,CH,1702947405
529,beidao,34.5686,105.8933,-3.69,45,0,1.15,CN,1702947405
530,madras,13.0878,80.2785,24.99,83,40,2.57,IN,1702947323
531,sibolga,1.7427,98.7792,25.44,88,100,1.15,ID,1702947405
532,kerikeri,-35.2268,173.9474,22.55,63,41,3.4,NZ,1702947405
533,batang,-6.4846,110.7083,27.87,64,50,5.22,ID,1702947405
534,aioun,16.6614,-9.6149,15.3,19,46,6.88,MR,1702947405
535,guarapari,-20.6667,-40.4975,23.36,93,12,2.21,BR,1702947405
536,harstad,68.799,16.5293,1.2,97,100,3.58,NO,1702947405
537,geraldton,-28.7667,114.6,34.23,21,0,9.26,AU,1702947405
538,qurayyat,31.3318,37.3428,7.1,76,0,0.0,SA,1702947405
539,conception bay south,47.4999,-52.9981,6.36,92,100,8.46,CA,1702947405
540,krasnik,50.9236,22.2271,5.93,78,98,5.83,PL,1702947405
